path,n_samples,average_iptm,iptm>=0.6,best_iptm,average_ptm,average_confidence_score,best_ptm,best_confidence_score
1_cofolding_uncharacterised_adps_defences/UEM35121.1/acric5/uem35121.1_acric5,20,0.92,TRUE,0.92,0.8465,0.9053,0.85,0.906
1_cofolding_uncharacterised_adps_defences/QZE32573.1/acrie4/qze32573.1_acrie4,20,0.9175,TRUE,0.93,0.8835,0.9107,0.88,0.92
1_cofolding_uncharacterised_adps_defences/WWV39459.1/acrib4/wwv39459.1_acrib4,20,0.91,TRUE,0.91,0.7525,0.8785,0.76,0.88
1_cofolding_uncharacterised_adps_defences/QZE32573.1/acrie3/qze32573.1_acrie3,20,0.901,TRUE,0.91,0.88,0.8968,0.88,0.904
1_cofolding_uncharacterised_adps_defences/QHB64844.1/acriia26/qhb64844.1_acriia26,20,0.863,TRUE,0.87,0.777,0.8458,0.79,0.854
1_cofolding_uncharacterised_adps_defences/UEM35119.1/acric3/uem35119.1_acric3,20,0.863,TRUE,0.91,0.889,0.8682,0.9,0.908
1_cofolding_uncharacterised_adps_defences/QZE32572.1/acrie8/qze32572.1_acrie8,20,0.843,TRUE,0.85,0.873,0.849,0.87,0.854
1_cofolding_uncharacterised_adps_defences/QZE32570.1/acrie3/qze32570.1_acrie3,20,0.837,TRUE,0.84,0.8415,0.8379,0.84,0.84
1_cofolding_uncharacterised_adps_defences/QZE32570.1/acrie5/qze32570.1_acrie5,20,0.805,TRUE,0.81,0.8575,0.8155,0.86,0.82
1_cofolding_uncharacterised_adps_defences/WWV39457.1/acrib7/wwv39457.1_acrib7,20,0.77,TRUE,0.79,0.7755,0.7711,0.78,0.788
1_cofolding_uncharacterised_adps_defences/QZE32569.1/acrie4/qze32569.1_acrie4,20,0.742,TRUE,0.8,0.833,0.7602,0.85,0.81
1_cofolding_uncharacterised_adps_defences/UEM35122.1/acric10/uem35122.1_acric10,20,0.7315,TRUE,0.75,0.7745,0.7401,0.78,0.756
1_cofolding_uncharacterised_adps_defences/CAD0136979.1/acriia31/cad0136979.1_acriia31,20,0.706,TRUE,0.87,0.589,0.6826,0.62,0.82
1_cofolding_uncharacterised_adps_defences/WWV39453.1/acrib8/wwv39453.1_acrib8,20,0.6995,TRUE,0.77,0.7355,0.7067,0.76,0.768
1_cofolding_uncharacterised_adps_defences/AHH51210.1/acrif18_/ahh51210.1_acrif18_,20,0.6945,TRUE,0.71,0.605,0.6766,0.61,0.69
1_cofolding_uncharacterised_adps_defences/AHH51210.1/acrif15/ahh51210.1_acrif15,20,0.69,TRUE,0.7,0.596,0.6712,0.61,0.682
1_cofolding_uncharacterised_adps_defences/ALU77912.1/acriia3/alu77912.1_acriia3,20,0.679,TRUE,0.7,0.702,0.6836,0.72,0.704
1_cofolding_uncharacterised_adps_defences/WP_012609144.1/tifa/wp_012609144.1_tifa,20,0.6655,TRUE,0.72,0.7315,0.6787,0.75,0.726
1_cofolding_uncharacterised_adps_defences/WP_010883983.1/ardu/wp_010883983.1_ardu,20,0.6575,TRUE,0.76,0.7165,0.6693,0.76,0.76
1_cofolding_uncharacterised_adps_defences/AVAST_III_AVAST_III_Avs3B_0_V/forsur_7/avast_iii_avast_iii_avs3b_0_v_forsur_7,20,0.649,TRUE,0.72,0.3625,0.5917,0.37,0.65
1_cofolding_uncharacterised_adps_defences/WWV39459.1/acrib9/wwv39459.1_acrib9,20,0.6465,TRUE,0.81,0.7405,0.6653,0.8,0.808
1_cofolding_uncharacterised_adps_defences/UEM35125.1/acric3/uem35125.1_acric3,20,0.6255,TRUE,0.7,0.524,0.6052,0.56,0.672
1_cofolding_uncharacterised_adps_defences/7EL1_A/acriia14/7el1_a_acriia14,20,0.3455,FALSE,0.92,0.559,0.3882,0.63,0.862
1_cofolding_uncharacterised_adps_defences/7V9X_A/u56/7v9x_a_u56,20,0.128,FALSE,0.23,0.4635,0.1951,0.5,0.284
1_cofolding_uncharacterised_adps_defences/7V9X_C/u56/7v9x_c_u56,20,0.1965,FALSE,0.52,0.5195,0.2611,0.54,0.524
1_cofolding_uncharacterised_adps_defences/AGJ62243.1/acriiib1/agj62243.1_acriiib1,20,0.2755,FALSE,0.35,0.5295,0.3263,0.54,0.388
1_cofolding_uncharacterised_adps_defences/AGJ62244.1/acriiib1/agj62244.1_acriiib1,20,0.173,FALSE,0.22,0.7655,0.2915,0.77,0.33
1_cofolding_uncharacterised_adps_defences/AGJ62245.1/acriiib1/agj62245.1_acriiib1,20,0.2235,FALSE,0.33,0.491,0.277,0.5,0.364
1_cofolding_uncharacterised_adps_defences/AGJ62246.1/acriiib1/agj62246.1_acriiib1,20,0.1815,FALSE,0.28,0.6205,0.2693,0.65,0.354
1_cofolding_uncharacterised_adps_defences/AGJ62247.1/acriiib1/agj62247.1_acriiib1,20,0.089,FALSE,0.12,0.5685,0.1849,0.58,0.212
1_cofolding_uncharacterised_adps_defences/AGJ62248.1/acriiib1/agj62248.1_acriiib1,20,0.185,FALSE,0.21,0.536,0.2552,0.54,0.276
1_cofolding_uncharacterised_adps_defences/AHH51208.1/acrif12/ahh51208.1_acrif12,20,0.259,FALSE,0.44,0.6505,0.3373,0.73,0.498
1_cofolding_uncharacterised_adps_defences/AHH51208.1/acrif15/ahh51208.1_acrif15,20,0.4135,FALSE,0.67,0.6645,0.4637,0.69,0.674
1_cofolding_uncharacterised_adps_defences/AHH51208.1/acrif16/ahh51208.1_acrif16,20,0.1075,FALSE,0.13,0.5385,0.1937,0.52,0.208
1_cofolding_uncharacterised_adps_defences/AHH51208.1/acrif17/ahh51208.1_acrif17,20,0.4165,FALSE,0.53,0.5825,0.4497,0.59,0.542
1_cofolding_uncharacterised_adps_defences/AHH51208.1/acrif18_/ahh51208.1_acrif18_,20,0.145,FALSE,0.2,0.6735,0.2507,0.65,0.29
1_cofolding_uncharacterised_adps_defences/AHH51209.1/acrif12/ahh51209.1_acrif12,20,0.162,FALSE,0.25,0.793,0.2882,0.8,0.36
1_cofolding_uncharacterised_adps_defences/AHH51209.1/acrif15/ahh51209.1_acrif15,20,0.246,FALSE,0.31,0.8335,0.3635,0.83,0.414
1_cofolding_uncharacterised_adps_defences/AHH51209.1/acrif16/ahh51209.1_acrif16,20,0.237,FALSE,0.35,0.785,0.3466,0.81,0.442
1_cofolding_uncharacterised_adps_defences/AHH51209.1/acrif17/ahh51209.1_acrif17,20,0.1735,FALSE,0.23,0.81,0.3008,0.81,0.346
1_cofolding_uncharacterised_adps_defences/AHH51209.1/acrif18_/ahh51209.1_acrif18_,20,0.161,FALSE,0.24,0.835,0.2958,0.83,0.358
1_cofolding_uncharacterised_adps_defences/AHH51210.1/acrif12/ahh51210.1_acrif12,20,0.167,FALSE,0.28,0.4785,0.2293,0.49,0.322
1_cofolding_uncharacterised_adps_defences/AHH51210.1/acrif16/ahh51210.1_acrif16,20,0.1935,FALSE,0.24,0.4635,0.2475,0.47,0.286
1_cofolding_uncharacterised_adps_defences/AHH51210.1/acrif17/ahh51210.1_acrif17,20,0.139,FALSE,0.27,0.513,0.2138,0.55,0.326
1_cofolding_uncharacterised_adps_defences/AHH51211.1/acrif12/ahh51211.1_acrif12,20,0.2825,FALSE,0.58,0.566,0.3392,0.64,0.592
1_cofolding_uncharacterised_adps_defences/AHH51211.1/acrif15/ahh51211.1_acrif15,20,0.2895,FALSE,0.39,0.6335,0.3583,0.66,0.444
1_cofolding_uncharacterised_adps_defences/AHH51211.1/acrif16/ahh51211.1_acrif16,20,0.142,FALSE,0.21,0.5285,0.2193,0.56,0.28
1_cofolding_uncharacterised_adps_defences/AHH51211.1/acrif17/ahh51211.1_acrif17,20,0.1385,FALSE,0.25,0.5535,0.2215,0.59,0.318
1_cofolding_uncharacterised_adps_defences/AHH51211.1/acrif18_/ahh51211.1_acrif18_,20,0.16,FALSE,0.23,0.62,0.252,0.64,0.312
1_cofolding_uncharacterised_adps_defences/AHH51212.1/acrif12/ahh51212.1_acrif12,20,0.3275,FALSE,0.42,0.697,0.4014,0.72,0.48
1_cofolding_uncharacterised_adps_defences/AHH51212.1/acrif15/ahh51212.1_acrif15,20,0.2285,FALSE,0.3,0.742,0.3312,0.75,0.39
1_cofolding_uncharacterised_adps_defences/AHH51212.1/acrif16/ahh51212.1_acrif16,20,0.384,FALSE,0.54,0.673,0.4418,0.72,0.576
1_cofolding_uncharacterised_adps_defences/AHH51212.1/acrif17/ahh51212.1_acrif17,20,0.141,FALSE,0.2,0.65,0.2428,0.67,0.294
1_cofolding_uncharacterised_adps_defences/AHH51212.1/acrif18_/ahh51212.1_acrif18_,20,0.377,FALSE,0.78,0.7735,0.4563,0.84,0.792
1_cofolding_uncharacterised_adps_defences/AHH51213.1/acrif12/ahh51213.1_acrif12,20,0.0905,FALSE,0.14,0.5165,0.1757,0.52,0.216
1_cofolding_uncharacterised_adps_defences/AHH51213.1/acrif15/ahh51213.1_acrif15,20,0.187,FALSE,0.29,0.612,0.272,0.65,0.362
1_cofolding_uncharacterised_adps_defences/AHH51213.1/acrif16/ahh51213.1_acrif16,20,0.093,FALSE,0.15,0.454,0.1652,0.46,0.212
1_cofolding_uncharacterised_adps_defences/AHH51213.1/acrif17/ahh51213.1_acrif17,20,0.2345,FALSE,0.65,0.573,0.3022,0.73,0.666
1_cofolding_uncharacterised_adps_defences/AHH51213.1/acrif18_/ahh51213.1_acrif18_,20,0.2475,FALSE,0.31,0.632,0.3244,0.65,0.378
1_cofolding_uncharacterised_adps_defences/AKG14689.1/acrva2/akg14689.1_acrva2,20,0.208,FALSE,0.24,0.6505,0.2965,0.65,0.322
1_cofolding_uncharacterised_adps_defences/AKG14689.1/acrva3/akg14689.1_acrva3,20,0.182,FALSE,0.31,0.7225,0.2901,0.72,0.392
1_cofolding_uncharacterised_adps_defences/AKG14690.1/acrva2/akg14690.1_acrva2,20,0.213,FALSE,0.35,0.7295,0.3163,0.74,0.428
1_cofolding_uncharacterised_adps_defences/AKG14690.1/acrva3/akg14690.1_acrva3,20,0.0585,FALSE,0.08,0.3245,0.1117,0.33,0.13
1_cofolding_uncharacterised_adps_defences/AKG16167.1/acrva2/akg16167.1_acrva2,20,0.1595,FALSE,0.18,0.6455,0.2567,0.65,0.274
1_cofolding_uncharacterised_adps_defences/AKG16167.1/acrva3/akg16167.1_acrva3,20,0.116,FALSE,0.17,0.3775,0.1683,0.39,0.214
1_cofolding_uncharacterised_adps_defences/ALT07361.1/acrva2/alt07361.1_acrva2,20,0.4265,FALSE,0.75,0.6655,0.4743,0.83,0.766
1_cofolding_uncharacterised_adps_defences/ALT07361.1/acrva3/alt07361.1_acrva3,20,0.163,FALSE,0.21,0.6595,0.2623,0.67,0.302
1_cofolding_uncharacterised_adps_defences/ALU77910.1/acriia12/alu77910.1_acriia12,20,0.264,FALSE,0.33,0.569,0.325,0.61,0.386
1_cofolding_uncharacterised_adps_defences/ALU77910.1/acriia3/alu77910.1_acriia3,20,0.195,FALSE,0.25,0.5135,0.2587,0.52,0.304
1_cofolding_uncharacterised_adps_defences/ALU77911.1/acriia12/alu77911.1_acriia12,20,0.186,FALSE,0.35,0.706,0.29,0.73,0.426
1_cofolding_uncharacterised_adps_defences/ALU77911.1/acriia3/alu77911.1_acriia3,20,0.107,FALSE,0.13,0.626,0.2108,0.63,0.23
1_cofolding_uncharacterised_adps_defences/ALU77912.1/acriia12/alu77912.1_acriia12,20,0.128,FALSE,0.19,0.473,0.197,0.5,0.252
1_cofolding_uncharacterised_adps_defences/ALU77913.1/acriia12/alu77913.1_acriia12,20,0.1315,FALSE,0.2,0.5745,0.2201,0.61,0.282
1_cofolding_uncharacterised_adps_defences/ALU77913.1/acriia3/alu77913.1_acriia3,20,0.1175,FALSE,0.13,0.505,0.195,0.51,0.206
1_cofolding_uncharacterised_adps_defences/APD31654.1/acriia20/apd31654.1_acriia20,20,0.4445,FALSE,0.73,0.6155,0.4787,0.62,0.708
1_cofolding_uncharacterised_adps_defences/APD31655.1/acriia20/apd31655.1_acriia20,20,0.211,FALSE,0.54,0.736,0.316,0.78,0.588
1_cofolding_uncharacterised_adps_defences/APD31656.1/acriia20/apd31656.1_acriia20,20,0.2475,FALSE,0.33,0.544,0.3068,0.57,0.378
1_cofolding_uncharacterised_adps_defences/APD31657.1/acriia20/apd31657.1_acriia20,20,0.135,FALSE,0.11,0.5375,0.2155,0.54,0.196
1_cofolding_uncharacterised_adps_defences/AVAST_III_AVAST_III_Avs3A_0_V/forsur_7/avast_iii_avast_iii_avs3a_0_v_forsur_7,20,0.2245,FALSE,0.26,0.7185,0.3233,0.71,0.35
1_cofolding_uncharacterised_adps_defences/AVAST_III_AVAST_III_Avs3A_0_V/lidtsur_17/avast_iii_avast_iii_avs3a_0_v_lidtsur_17,20,0.269,FALSE,0.32,0.7135,0.3579,0.73,0.402
1_cofolding_uncharacterised_adps_defences/AVAST_III_AVAST_III_Avs3A_0_V/lidtsur_6/avast_iii_avast_iii_avs3a_0_v_lidtsur_6,20,0.336,FALSE,0.48,0.7205,0.4129,0.72,0.528
1_cofolding_uncharacterised_adps_defences/AVAST_III_AVAST_III_Avs3A_0_V/orf55/avast_iii_avast_iii_avs3a_0_v_orf55,20,0.2825,FALSE,0.35,0.692,0.3644,0.7,0.42
1_cofolding_uncharacterised_adps_defences/AVAST_III_AVAST_III_Avs3A_0_V/orf83/avast_iii_avast_iii_avs3a_0_v_orf83,20,0.473,FALSE,0.55,0.7385,0.5261,0.75,0.59
1_cofolding_uncharacterised_adps_defences/AVAST_III_AVAST_III_Avs3B_0_V/lidtsur_17/avast_iii_avast_iii_avs3b_0_v_lidtsur_17,20,0.1305,FALSE,0.16,0.415,0.1874,0.43,0.214
1_cofolding_uncharacterised_adps_defences/AVAST_III_AVAST_III_Avs3B_0_V/lidtsur_6/avast_iii_avast_iii_avs3b_0_v_lidtsur_6,20,0.21,FALSE,0.43,0.3355,0.2351,0.35,0.414
1_cofolding_uncharacterised_adps_defences/AVAST_III_AVAST_III_Avs3B_0_V/orf55/avast_iii_avast_iii_avs3b_0_v_orf55,20,0.1825,FALSE,0.24,0.431,0.2322,0.44,0.28
1_cofolding_uncharacterised_adps_defences/AVAST_III_AVAST_III_Avs3B_0_V/orf83/avast_iii_avast_iii_avs3b_0_v_orf83,20,0.3975,FALSE,0.49,0.4475,0.4075,0.47,0.486
1_cofolding_uncharacterised_adps_defences/AVAST_V_Avs5A/ads38_/avast_v_avs5a_ads38_,20,0.1825,FALSE,0.22,0.7985,0.3057,0.79,0.334
1_cofolding_uncharacterised_adps_defences/AbiH_AbiH/enki/abih_abih_enki,20,0.22,FALSE,0.28,0.7565,0.3273,0.81,0.386
1_cofolding_uncharacterised_adps_defences/AbiH_AbiH/tlaloc/abih_abih_tlaloc,20,0.386,FALSE,0.4,0.79,0.4668,0.78,0.476
1_cofolding_uncharacterised_adps_defences/AbiU_AbiU/surt/abiu_abiu_surt,20,0.1025,FALSE,0.11,0.512,0.1844,0.52,0.192
1_cofolding_uncharacterised_adps_defences/BBM48616.1/acrvia7_plus/bbm48616.1_acrvia7_plus,20,0.1615,FALSE,0.17,0.4985,0.2289,0.49,0.234
1_cofolding_uncharacterised_adps_defences/BREX_I_BREX_brxA_DUF1819_0_V/orf46/brex_i_brex_brxa_duf1819_0_v_orf46,20,0.172,FALSE,0.51,0.7415,0.2859,0.81,0.57
1_cofolding_uncharacterised_adps_defences/BREX_I_BREX_brxA_DUF1819_0_V/orf72/brex_i_brex_brxa_duf1819_0_v_orf72,20,0.154,FALSE,0.22,0.51,0.2252,0.53,0.282
1_cofolding_uncharacterised_adps_defences/BREX_I_BREX_brxB_DUF1788_0_V/orf46/brex_i_brex_brxb_duf1788_0_v_orf46,20,0.1275,FALSE,0.15,0.6735,0.2367,0.68,0.256
1_cofolding_uncharacterised_adps_defences/BREX_I_BREX_brxB_DUF1788_0_V/orf72/brex_i_brex_brxb_duf1788_0_v_orf72,20,0.1495,FALSE,0.22,0.4775,0.2151,0.5,0.276
1_cofolding_uncharacterised_adps_defences/BREX_I_BREX_brxC_0_V/orf46/brex_i_brex_brxc_0_v_orf46,20,0.157,FALSE,0.21,0.5565,0.2369,0.57,0.282
1_cofolding_uncharacterised_adps_defences/BREX_I_BREX_brxC_0_V/orf72/brex_i_brex_brxc_0_v_orf72,20,0.1915,FALSE,0.24,0.51,0.2552,0.51,0.294
1_cofolding_uncharacterised_adps_defences/BREX_I_BREX_brxL_0_V/orf46/brex_i_brex_brxl_0_v_orf46,20,0.1205,FALSE,0.12,0.6345,0.2233,0.63,0.222
1_cofolding_uncharacterised_adps_defences/BREX_I_BREX_brxL_0_V/orf72/brex_i_brex_brxl_0_v_orf72,20,0.1385,FALSE,0.2,0.559,0.2226,0.58,0.276
1_cofolding_uncharacterised_adps_defences/BREX_I_BREX_pglX1_0_V/orf46/brex_i_brex_pglx1_0_v_orf46,20,0.1725,FALSE,0.18,0.6055,0.2591,0.61,0.266
1_cofolding_uncharacterised_adps_defences/BREX_I_BREX_pglX1_0_V/orf72/brex_i_brex_pglx1_0_v_orf72,20,0.1685,FALSE,0.23,0.5655,0.2479,0.57,0.298
1_cofolding_uncharacterised_adps_defences/BREX_I_BREX_pglZ2_0_V/orf46/brex_i_brex_pglz2_0_v_orf46,20,0.143,FALSE,0.15,0.784,0.2712,0.79,0.278
1_cofolding_uncharacterised_adps_defences/BREX_I_BREX_pglZ2_0_V/orf72/brex_i_brex_pglz2_0_v_orf72,20,0.2115,FALSE,0.3,0.7015,0.3095,0.72,0.384
1_cofolding_uncharacterised_adps_defences/CAD0136979.1/acriia30/cad0136979.1_acriia30,20,0.2155,FALSE,0.32,0.5485,0.2821,0.57,0.37
1_cofolding_uncharacterised_adps_defences/CAD0136981.1/acriia30/cad0136981.1_acriia30,20,0.162,FALSE,0.25,0.7455,0.2787,0.76,0.352
1_cofolding_uncharacterised_adps_defences/CAD0136981.1/acriia31/cad0136981.1_acriia31,20,0.146,FALSE,0.26,0.7435,0.2655,0.75,0.358
1_cofolding_uncharacterised_adps_defences/CAD0136983.1/acriia30/cad0136983.1_acriia30,20,0.0825,FALSE,0.09,0.479,0.1618,0.49,0.17
1_cofolding_uncharacterised_adps_defences/CAD0136983.1/acriia31/cad0136983.1_acriia31,20,0.1085,FALSE,0.15,0.4935,0.1855,0.47,0.214
1_cofolding_uncharacterised_adps_defences/CAE1141955.1/acrif19/cae1141955.1_acrif19,20,0.199,FALSE,0.32,0.6485,0.2889,0.67,0.39
1_cofolding_uncharacterised_adps_defences/CAE1141955.1/acrif20/cae1141955.1_acrif20,20,0.3035,FALSE,0.62,0.602,0.3632,0.65,0.626
1_cofolding_uncharacterised_adps_defences/CAE1141955.1/acrif21/cae1141955.1_acrif21,20,0.118,FALSE,0.16,0.524,0.1992,0.54,0.236
1_cofolding_uncharacterised_adps_defences/CAE1141955.1/acrif22_/cae1141955.1_acrif22_,20,0.129,FALSE,0.17,0.59,0.2212,0.62,0.26
1_cofolding_uncharacterised_adps_defences/CAE1141956.1/acrif19/cae1141956.1_acrif19,20,0.1835,FALSE,0.24,0.7925,0.3053,0.79,0.35
1_cofolding_uncharacterised_adps_defences/CAE1141956.1/acrif20/cae1141956.1_acrif20,20,0.1915,FALSE,0.27,0.777,0.3086,0.78,0.372
1_cofolding_uncharacterised_adps_defences/CAE1141956.1/acrif21/cae1141956.1_acrif21,20,0.208,FALSE,0.26,0.7375,0.3139,0.76,0.36
1_cofolding_uncharacterised_adps_defences/CAE1141956.1/acrif22_/cae1141956.1_acrif22_,20,0.161,FALSE,0.19,0.7695,0.2827,0.77,0.306
1_cofolding_uncharacterised_adps_defences/CAE1141957.1/acrif19/cae1141957.1_acrif19,20,0.292,FALSE,0.65,0.529,0.3394,0.61,0.642
1_cofolding_uncharacterised_adps_defences/CAE1141957.1/acrif20/cae1141957.1_acrif20,20,0.1415,FALSE,0.22,0.4765,0.2085,0.46,0.268
1_cofolding_uncharacterised_adps_defences/CAE1141957.1/acrif21/cae1141957.1_acrif21,20,0.138,FALSE,0.21,0.4515,0.2007,0.48,0.264
1_cofolding_uncharacterised_adps_defences/CAE1141957.1/acrif22_/cae1141957.1_acrif22_,20,0.159,FALSE,0.33,0.4425,0.2157,0.44,0.352
1_cofolding_uncharacterised_adps_defences/CAE1141960.1/acrif19/cae1141960.1_acrif19,20,0.383,FALSE,0.73,0.655,0.4374,0.75,0.734
1_cofolding_uncharacterised_adps_defences/CAE1141960.1/acrif20/cae1141960.1_acrif20,20,0.1605,FALSE,0.25,0.615,0.2514,0.65,0.33
1_cofolding_uncharacterised_adps_defences/CAE1141960.1/acrif21/cae1141960.1_acrif21,20,0.1505,FALSE,0.18,0.534,0.2272,0.54,0.252
1_cofolding_uncharacterised_adps_defences/CAE1141960.1/acrif22_/cae1141960.1_acrif22_,20,0.193,FALSE,0.31,0.618,0.278,0.65,0.378
1_cofolding_uncharacterised_adps_defences/CAE1141961.1/acrif19/cae1141961.1_acrif19,20,0.284,FALSE,0.55,0.7325,0.3737,0.79,0.598
1_cofolding_uncharacterised_adps_defences/CAE1141961.1/acrif20/cae1141961.1_acrif20,20,0.192,FALSE,0.24,0.7405,0.3017,0.75,0.342
1_cofolding_uncharacterised_adps_defences/CAE1141961.1/acrif21/cae1141961.1_acrif21,20,0.1465,FALSE,0.18,0.6275,0.2427,0.64,0.272
1_cofolding_uncharacterised_adps_defences/CAE1141961.1/acrif22_/cae1141961.1_acrif22_,20,0.5715,FALSE,0.74,0.789,0.615,0.82,0.756
1_cofolding_uncharacterised_adps_defences/CBH27300.1/acriic7/cbh27300.1_acriic7,20,0.365,FALSE,0.38,0.669,0.4258,0.67,0.438
1_cofolding_uncharacterised_adps_defences/CBH27300.1/acriic8/cbh27300.1_acriic8,20,0.186,FALSE,0.21,0.573,0.2634,0.57,0.282
1_cofolding_uncharacterised_adps_defences/CBH27300.1/acriic9/cbh27300.1_acriic9,20,0.17,FALSE,0.23,0.632,0.2624,0.63,0.31
1_cofolding_uncharacterised_adps_defences/DRT_1_DRT_1_drt1a_0_V/hades/drt_1_drt_1_drt1a_0_v_hades,20,0.166,FALSE,0.18,0.8195,0.2967,0.82,0.308
1_cofolding_uncharacterised_adps_defences/DRT_1_DRT_1_drt1a_0_V/kali/drt_1_drt_1_drt1a_0_v_kali,20,0.1815,FALSE,0.22,0.8355,0.3123,0.84,0.344
1_cofolding_uncharacterised_adps_defences/DRT_1_DRT_1_drt1b_0_V/hades/drt_1_drt_1_drt1b_0_v_hades,20,0.0975,FALSE,0.17,0.425,0.163,0.45,0.226
1_cofolding_uncharacterised_adps_defences/DRT_1_DRT_1_drt1b_0_V/kali/drt_1_drt_1_drt1b_0_v_kali,20,0.0935,FALSE,0.11,0.43,0.1608,0.45,0.178
1_cofolding_uncharacterised_adps_defences/DarTG_DarTG_DarG_0_DF/adfa/dartg_dartg_darg_0_df_adfa,20,0.109,FALSE,0.16,0.3955,0.1663,0.42,0.212
1_cofolding_uncharacterised_adps_defences/DarTG_DarTG_DarT_0_DF/adfa/dartg_dartg_dart_0_df_adfa,20,0.149,FALSE,0.28,0.521,0.2234,0.52,0.328
1_cofolding_uncharacterised_adps_defences/Dnd_ABCDEFGH_Dnd_ABCDEFGH_DptF_0_DF/p0020/dnd_abcdefgh_dnd_abcdefgh_dptf_0_df_p0020,20,0.1145,FALSE,0.13,0.4315,0.1779,0.43,0.19
1_cofolding_uncharacterised_adps_defences/Dnd_ABCDEFGH_Dnd_ABCDEFGH_DptF_0_DF/p0021/dnd_abcdefgh_dnd_abcdefgh_dptf_0_df_p0021,20,0.0915,FALSE,0.1,0.5425,0.1817,0.57,0.194
1_cofolding_uncharacterised_adps_defences/Dnd_ABCDEFGH_Dnd_ABCDEFGH_DptG_0_DF/p0020/dnd_abcdefgh_dnd_abcdefgh_dptg_0_df_p0020,20,0.1235,FALSE,0.18,0.6125,0.2213,0.61,0.266
1_cofolding_uncharacterised_adps_defences/Dnd_ABCDEFGH_Dnd_ABCDEFGH_DptG_0_DF/p0021/dnd_abcdefgh_dnd_abcdefgh_dptg_0_df_p0021,20,0.4165,FALSE,0.63,0.872,0.5076,0.89,0.682
1_cofolding_uncharacterised_adps_defences/Dnd_ABCDEFGH_Dnd_ABCDEFGH_DptH_0_DF/p0020/dnd_abcdefgh_dnd_abcdefgh_dpth_0_df_p0020,20,0.1865,FALSE,0.2,0.49,0.2472,0.48,0.256
1_cofolding_uncharacterised_adps_defences/Dnd_ABCDEFGH_Dnd_ABCDEFGH_DptH_0_DF/p0021/dnd_abcdefgh_dnd_abcdefgh_dpth_0_df_p0021,20,0.2495,FALSE,0.35,0.5535,0.3103,0.55,0.39
1_cofolding_uncharacterised_adps_defences/Dnd_ABCDEFGH_Dnd_DndA_0_DF/p0020/dnd_abcdefgh_dnd_dnda_0_df_p0020,20,0.331,FALSE,0.47,0.6065,0.3861,0.6,0.496
1_cofolding_uncharacterised_adps_defences/Dnd_ABCDEFGH_Dnd_DndA_0_DF/p0021/dnd_abcdefgh_dnd_dnda_0_df_p0021,20,0.1685,FALSE,0.3,0.8465,0.3041,0.86,0.412
1_cofolding_uncharacterised_adps_defences/Dnd_ABCDEFGH_Dnd_DndB_0_DF/p0020/dnd_abcdefgh_dnd_dndb_0_df_p0020,20,0.134,FALSE,0.19,0.366,0.1804,0.37,0.226
1_cofolding_uncharacterised_adps_defences/Dnd_ABCDEFGH_Dnd_DndB_0_DF/p0021/dnd_abcdefgh_dnd_dndb_0_df_p0021,20,0.212,FALSE,0.37,0.497,0.269,0.5,0.396
1_cofolding_uncharacterised_adps_defences/Dnd_ABCDEFGH_Dnd_DndC_0_DF/p0020/dnd_abcdefgh_dnd_dndc_0_df_p0020,20,0.1505,FALSE,0.22,0.5845,0.2373,0.6,0.296
1_cofolding_uncharacterised_adps_defences/Dnd_ABCDEFGH_Dnd_DndC_0_DF/p0021/dnd_abcdefgh_dnd_dndc_0_df_p0021,20,0.236,FALSE,0.33,0.7595,0.3407,0.8,0.424
1_cofolding_uncharacterised_adps_defences/Dnd_ABCDEFGH_Dnd_DndD_0_DF/p0020/dnd_abcdefgh_dnd_dndd_0_df_p0020,20,0.1725,FALSE,0.24,0.416,0.2212,0.44,0.28
1_cofolding_uncharacterised_adps_defences/Dnd_ABCDEFGH_Dnd_DndD_0_DF/p0021/dnd_abcdefgh_dnd_dndd_0_df_p0021,20,0.298,FALSE,0.37,0.502,0.3388,0.5,0.396
1_cofolding_uncharacterised_adps_defences/Dnd_ABCDEFGH_Dnd_DndE_0_DF/p0020/dnd_abcdefgh_dnd_dnde_0_df_p0020,20,0.228,FALSE,0.33,0.368,0.256,0.4,0.344
1_cofolding_uncharacterised_adps_defences/Dnd_ABCDEFGH_Dnd_DndE_0_DF/p0021/dnd_abcdefgh_dnd_dnde_0_df_p0021,20,0.2345,FALSE,0.26,0.6555,0.3187,0.67,0.342
1_cofolding_uncharacterised_adps_defences/Druantia_I_Druantia_DruE_0_V/orf71/druantia_i_druantia_drue_0_v_orf71,20,0.268,FALSE,0.32,0.79,0.3724,0.8,0.416
1_cofolding_uncharacterised_adps_defences/Druantia_I_Druantia_I_DruA_0_V/orf71/druantia_i_druantia_i_drua_0_v_orf71,20,0.183,FALSE,0.25,0.638,0.274,0.64,0.328
1_cofolding_uncharacterised_adps_defences/Druantia_I_Druantia_I_DruB_0_V/orf71/druantia_i_druantia_i_drub_0_v_orf71,20,0.335,FALSE,0.42,0.4185,0.3517,0.43,0.422
1_cofolding_uncharacterised_adps_defences/Druantia_I_Druantia_I_DruC_0_V/orf71/druantia_i_druantia_i_druc_0_v_orf71,20,0.203,FALSE,0.33,0.464,0.2552,0.46,0.356
1_cofolding_uncharacterised_adps_defences/Druantia_I_Druantia_I_DruD_0_V/orf71/druantia_i_druantia_i_drud_0_v_orf71,20,0.234,FALSE,0.3,0.811,0.3494,0.82,0.404
1_cofolding_uncharacterised_adps_defences/Gabija_Gabija_GajA_0_V/gad2/gabija_gabija_gaja_0_v_gad2,20,0.1465,FALSE,0.19,0.496,0.2164,0.51,0.254
1_cofolding_uncharacterised_adps_defences/Gabija_Gabija_GajB_0_V/gad2/gabija_gabija_gajb_0_v_gad2,20,0.169,FALSE,0.23,0.5475,0.2447,0.58,0.3
1_cofolding_uncharacterised_adps_defences/Gao_Her_DUF_Gao_Her_DUF_DUF4297_0_V/orf58/gao_her_duf_gao_her_duf_duf4297_0_v_orf58,20,0.107,FALSE,0.24,0.544,0.1944,0.57,0.306
1_cofolding_uncharacterised_adps_defences/Gao_Her_DUF_Gao_Her_DUF_HerA_DUF_0_V/orf58/gao_her_duf_gao_her_duf_hera_duf_0_v_orf58,20,0.111,FALSE,0.16,0.6815,0.2251,0.69,0.266
1_cofolding_uncharacterised_adps_defences/Gao_Her_SIR_Gao_Her_SIR_HerA_SIR2_0_V/orf58/gao_her_sir_gao_her_sir_hera_sir2_0_v_orf58,20,0.1075,FALSE,0.13,0.6635,0.2187,0.66,0.236
1_cofolding_uncharacterised_adps_defences/Gao_Her_SIR_Gao_Her_SIR_SIR2_0_V/orf58/gao_her_sir_gao_her_sir_sir2_0_v_orf58,20,0.091,FALSE,0.14,0.6655,0.2059,0.67,0.246
1_cofolding_uncharacterised_adps_defences/Gao_Hhe_HheA/orf58/gao_hhe_hhea_orf58,20,0.19,FALSE,0.22,0.575,0.267,0.57,0.29
1_cofolding_uncharacterised_adps_defences/Gao_Tmn_TmnA/orf35/gao_tmn_tmna_orf35,20,0.2435,FALSE,0.27,0.483,0.2914,0.49,0.314
1_cofolding_uncharacterised_adps_defences/Hachiman_Hachiman_HamA_0_V/had1/hachiman_hachiman_hama_0_v_had1,20,0.0835,FALSE,0.12,0.779,0.2226,0.79,0.254
1_cofolding_uncharacterised_adps_defences/Hachiman_Hachiman_HamB_0_V/had1/hachiman_hachiman_hamb_0_v_had1,20,0.3705,FALSE,0.77,0.82,0.4604,0.85,0.786
1_cofolding_uncharacterised_adps_defences/QHB64841.1/acriia10/qhb64841.1_acriia10,20,0.0855,FALSE,0.1,0.4745,0.1633,0.5,0.18
1_cofolding_uncharacterised_adps_defences/QHB64841.1/acriia16/qhb64841.1_acriia16,20,0.079,FALSE,0.09,0.448,0.1528,0.45,0.162
1_cofolding_uncharacterised_adps_defences/QHB64841.1/acriia17/qhb64841.1_acriia17,20,0.0825,FALSE,0.11,0.5285,0.1717,0.53,0.194
1_cofolding_uncharacterised_adps_defences/QHB64841.1/acriia19/qhb64841.1_acriia19,20,0.0985,FALSE,0.14,0.5145,0.1817,0.52,0.216
1_cofolding_uncharacterised_adps_defences/QHB64841.1/acriia21/qhb64841.1_acriia21,20,0.1045,FALSE,0.2,0.5275,0.1891,0.58,0.276
1_cofolding_uncharacterised_adps_defences/QHB64841.1/acriia23/qhb64841.1_acriia23,20,0.065,FALSE,0.09,0.524,0.1568,0.53,0.178
1_cofolding_uncharacterised_adps_defences/QHB64841.1/acriia24/qhb64841.1_acriia24,20,0.1175,FALSE,0.16,0.4765,0.1893,0.46,0.22
1_cofolding_uncharacterised_adps_defences/QHB64841.1/acriia25/qhb64841.1_acriia25,20,0.0865,FALSE,0.12,0.539,0.177,0.56,0.208
1_cofolding_uncharacterised_adps_defences/QHB64841.1/acriia26/qhb64841.1_acriia26,20,0.1525,FALSE,0.22,0.483,0.2186,0.52,0.28
1_cofolding_uncharacterised_adps_defences/QHB64841.1/acriia27/qhb64841.1_acriia27,20,0.086,FALSE,0.13,0.539,0.1766,0.55,0.214
1_cofolding_uncharacterised_adps_defences/QHB64841.1/acriia33/qhb64841.1_acriia33,20,0.108,FALSE,0.14,0.5505,0.1965,0.57,0.226
1_cofolding_uncharacterised_adps_defences/QHB64841.1/acriia34/qhb64841.1_acriia34,20,0.123,FALSE,0.17,0.507,0.1998,0.52,0.24
1_cofolding_uncharacterised_adps_defences/QHB64841.1/acriia8/qhb64841.1_acriia8,20,0.109,FALSE,0.18,0.497,0.1866,0.5,0.244
1_cofolding_uncharacterised_adps_defences/QHB64841.1/acriia9/qhb64841.1_acriia9,20,0.0955,FALSE,0.1,0.476,0.1716,0.48,0.176
1_cofolding_uncharacterised_adps_defences/QHB64842.1/acriia10/qhb64842.1_acriia10,20,0.1115,FALSE,0.15,0.4425,0.1777,0.47,0.214
1_cofolding_uncharacterised_adps_defences/QHB64842.1/acriia16/qhb64842.1_acriia16,20,0.262,FALSE,0.43,0.3955,0.2887,0.46,0.436
1_cofolding_uncharacterised_adps_defences/QHB64842.1/acriia17/qhb64842.1_acriia17,20,0.1975,FALSE,0.33,0.474,0.2528,0.53,0.37
1_cofolding_uncharacterised_adps_defences/QHB64842.1/acriia19/qhb64842.1_acriia19,20,0.224,FALSE,0.35,0.4435,0.2679,0.53,0.386
1_cofolding_uncharacterised_adps_defences/QHB64842.1/acriia21/qhb64842.1_acriia21,20,0.1685,FALSE,0.3,0.502,0.2352,0.56,0.352
1_cofolding_uncharacterised_adps_defences/QHB64842.1/acriia23/qhb64842.1_acriia23,20,0.088,FALSE,0.09,0.432,0.1568,0.43,0.158
1_cofolding_uncharacterised_adps_defences/QHB64842.1/acriia24/qhb64842.1_acriia24,20,0.156,FALSE,0.3,0.499,0.2246,0.54,0.348
1_cofolding_uncharacterised_adps_defences/QHB64842.1/acriia25/qhb64842.1_acriia25,20,0.297,FALSE,0.6,0.5365,0.3449,0.66,0.612
1_cofolding_uncharacterised_adps_defences/QHB64842.1/acriia26/qhb64842.1_acriia26,20,0.1605,FALSE,0.32,0.561,0.2406,0.57,0.37
1_cofolding_uncharacterised_adps_defences/QHB64842.1/acriia27/qhb64842.1_acriia27,20,0.1555,FALSE,0.24,0.469,0.2182,0.5,0.292
1_cofolding_uncharacterised_adps_defences/QHB64842.1/acriia33/qhb64842.1_acriia33,20,0.15,FALSE,0.23,0.454,0.2108,0.49,0.282
1_cofolding_uncharacterised_adps_defences/QHB64842.1/acriia34/qhb64842.1_acriia34,20,0.5845,FALSE,0.8,0.686,0.6048,0.82,0.804
1_cofolding_uncharacterised_adps_defences/QHB64842.1/acriia8/qhb64842.1_acriia8,20,0.1855,FALSE,0.24,0.4855,0.2455,0.51,0.294
1_cofolding_uncharacterised_adps_defences/QHB64842.1/acriia9/qhb64842.1_acriia9,20,0.1285,FALSE,0.15,0.367,0.1762,0.37,0.194
1_cofolding_uncharacterised_adps_defences/QHB64843.1/acriia10/qhb64843.1_acriia10,20,0.129,FALSE,0.23,0.6895,0.2411,0.72,0.328
1_cofolding_uncharacterised_adps_defences/QHB64843.1/acriia16/qhb64843.1_acriia16,20,0.1065,FALSE,0.27,0.577,0.2006,0.58,0.332
1_cofolding_uncharacterised_adps_defences/QHB64843.1/acriia17/qhb64843.1_acriia17,20,0.097,FALSE,0.13,0.688,0.2152,0.7,0.244
1_cofolding_uncharacterised_adps_defences/QHB64843.1/acriia19/qhb64843.1_acriia19,20,0.0775,FALSE,0.11,0.6585,0.1937,0.66,0.22
1_cofolding_uncharacterised_adps_defences/QHB64843.1/acriia21/qhb64843.1_acriia21,20,0.123,FALSE,0.23,0.68,0.2344,0.7,0.324
1_cofolding_uncharacterised_adps_defences/QHB64843.1/acriia23/qhb64843.1_acriia23,20,0.3775,FALSE,0.56,0.7415,0.4503,0.77,0.602
1_cofolding_uncharacterised_adps_defences/QHB64843.1/acriia24/qhb64843.1_acriia24,20,0.2495,FALSE,0.43,0.728,0.3452,0.78,0.5
1_cofolding_uncharacterised_adps_defences/QHB64843.1/acriia25/qhb64843.1_acriia25,20,0.2475,FALSE,0.37,0.7025,0.3385,0.71,0.438
1_cofolding_uncharacterised_adps_defences/QHB64843.1/acriia26/qhb64843.1_acriia26,20,0.0975,FALSE,0.12,0.593,0.1966,0.6,0.216
1_cofolding_uncharacterised_adps_defences/QHB64843.1/acriia27/qhb64843.1_acriia27,20,0.1015,FALSE,0.13,0.721,0.2254,0.73,0.25
1_cofolding_uncharacterised_adps_defences/QHB64843.1/acriia33/qhb64843.1_acriia33,20,0.3465,FALSE,0.65,0.7675,0.4307,0.84,0.688
1_cofolding_uncharacterised_adps_defences/QHB64843.1/acriia34/qhb64843.1_acriia34,20,0.1405,FALSE,0.25,0.6695,0.2463,0.7,0.34
1_cofolding_uncharacterised_adps_defences/QHB64843.1/acriia8/qhb64843.1_acriia8,20,0.123,FALSE,0.23,0.677,0.2338,0.72,0.328
1_cofolding_uncharacterised_adps_defences/QHB64843.1/acriia9/qhb64843.1_acriia9,20,0.11,FALSE,0.15,0.6455,0.2171,0.65,0.25
1_cofolding_uncharacterised_adps_defences/QHB64844.1/acriia10/qhb64844.1_acriia10,20,0.198,FALSE,0.24,0.584,0.2752,0.59,0.31
1_cofolding_uncharacterised_adps_defences/QHB64844.1/acriia16/qhb64844.1_acriia16,20,0.19,FALSE,0.2,0.579,0.2678,0.58,0.276
1_cofolding_uncharacterised_adps_defences/QHB64844.1/acriia17/qhb64844.1_acriia17,20,0.5465,FALSE,0.63,0.537,0.5446,0.54,0.612
1_cofolding_uncharacterised_adps_defences/QHB64844.1/acriia19/qhb64844.1_acriia19,20,0.194,FALSE,0.25,0.589,0.273,0.58,0.316
1_cofolding_uncharacterised_adps_defences/QHB64844.1/acriia21/qhb64844.1_acriia21,20,0.195,FALSE,0.27,0.6095,0.2779,0.6,0.336
1_cofolding_uncharacterised_adps_defences/QHB64844.1/acriia23/qhb64844.1_acriia23,20,0.3255,FALSE,0.45,0.6705,0.3945,0.69,0.498
1_cofolding_uncharacterised_adps_defences/QHB64844.1/acriia24/qhb64844.1_acriia24,20,0.2265,FALSE,0.33,0.596,0.3004,0.57,0.378
1_cofolding_uncharacterised_adps_defences/QHB64844.1/acriia25/qhb64844.1_acriia25,20,0.186,FALSE,0.22,0.6155,0.2719,0.62,0.3
1_cofolding_uncharacterised_adps_defences/QHB64844.1/acriia27/qhb64844.1_acriia27,20,0.221,FALSE,0.26,0.6615,0.3091,0.68,0.344
1_cofolding_uncharacterised_adps_defences/QHB64844.1/acriia33/qhb64844.1_acriia33,20,0.2115,FALSE,0.25,0.618,0.2928,0.62,0.324
1_cofolding_uncharacterised_adps_defences/QHB64844.1/acriia34/qhb64844.1_acriia34,20,0.1845,FALSE,0.3,0.607,0.269,0.62,0.364
1_cofolding_uncharacterised_adps_defences/QHB64844.1/acriia8/qhb64844.1_acriia8,20,0.2045,FALSE,0.23,0.5865,0.2809,0.6,0.304
1_cofolding_uncharacterised_adps_defences/QHB64844.1/acriia9/qhb64844.1_acriia9,20,0.181,FALSE,0.22,0.642,0.2732,0.65,0.306
1_cofolding_uncharacterised_adps_defences/QHQ29614.1/acric11/qhq29614.1_acric11,20,0.2965,FALSE,0.36,0.7635,0.3899,0.77,0.442
1_cofolding_uncharacterised_adps_defences/QHQ29616.1/acric11/qhq29616.1_acric11,20,0.1295,FALSE,0.17,0.442,0.192,0.46,0.228
1_cofolding_uncharacterised_adps_defences/QHQ29617.1/acric11/qhq29617.1_acric11,20,0.322,FALSE,0.48,0.6095,0.3795,0.64,0.512
1_cofolding_uncharacterised_adps_defences/QHQ29618.1/acric11/qhq29618.1_acric11,20,0.1765,FALSE,0.24,0.5675,0.2547,0.58,0.308
1_cofolding_uncharacterised_adps_defences/QHQ29619.1/acric11/qhq29619.1_acric11,20,0.253,FALSE,0.42,0.502,0.3028,0.57,0.45
1_cofolding_uncharacterised_adps_defences/QHQ29620.1/acric11/qhq29620.1_acric11,20,0.1285,FALSE,0.27,0.596,0.222,0.61,0.338
1_cofolding_uncharacterised_adps_defences/QHQ29621.1/acric11/qhq29621.1_acric11,20,0.2475,FALSE,0.33,0.5935,0.3167,0.62,0.388
1_cofolding_uncharacterised_adps_defences/QZE32567.1/acrie2/qze32567.1_acrie2,20,0.1295,FALSE,0.22,0.463,0.1962,0.49,0.274
1_cofolding_uncharacterised_adps_defences/QZE32567.1/acrie3/qze32567.1_acrie3,20,0.22,FALSE,0.31,0.5295,0.2819,0.56,0.36
1_cofolding_uncharacterised_adps_defences/QZE32567.1/acrie4/qze32567.1_acrie4,20,0.253,FALSE,0.55,0.5765,0.3177,0.75,0.59
1_cofolding_uncharacterised_adps_defences/QZE32567.1/acrie5/qze32567.1_acrie5,20,0.1535,FALSE,0.28,0.5105,0.2249,0.54,0.332
1_cofolding_uncharacterised_adps_defences/QZE32567.1/acrie6/qze32567.1_acrie6,20,0.1795,FALSE,0.23,0.466,0.2368,0.47,0.278
1_cofolding_uncharacterised_adps_defences/QZE32567.1/acrie7/qze32567.1_acrie7,20,0.0795,FALSE,0.13,0.401,0.1438,0.43,0.19
1_cofolding_uncharacterised_adps_defences/QZE32567.1/acrie8/qze32567.1_acrie8,20,0.1475,FALSE,0.41,0.521,0.2222,0.63,0.454
1_cofolding_uncharacterised_adps_defences/QZE32567.1/acrie9/qze32567.1_acrie9,20,0.1945,FALSE,0.23,0.4985,0.2553,0.52,0.288
1_cofolding_uncharacterised_adps_defences/QZE32568.1/acrie2/qze32568.1_acrie2,20,0.119,FALSE,0.17,0.5795,0.2111,0.65,0.266
1_cofolding_uncharacterised_adps_defences/QZE32568.1/acrie3/qze32568.1_acrie3,20,0.173,FALSE,0.26,0.6155,0.2615,0.7,0.348
1_cofolding_uncharacterised_adps_defences/QZE32568.1/acrie4/qze32568.1_acrie4,20,0.1755,FALSE,0.25,0.6705,0.2745,0.7,0.34
1_cofolding_uncharacterised_adps_defences/QZE32568.1/acrie5/qze32568.1_acrie5,20,0.1155,FALSE,0.16,0.6575,0.2239,0.65,0.258
1_cofolding_uncharacterised_adps_defences/QZE32568.1/acrie6/qze32568.1_acrie6,20,0.28,FALSE,0.44,0.5305,0.3301,0.54,0.46
1_cofolding_uncharacterised_adps_defences/QZE32568.1/acrie7/qze32568.1_acrie7,20,0.1015,FALSE,0.12,0.603,0.2018,0.62,0.22
1_cofolding_uncharacterised_adps_defences/QZE32568.1/acrie8/qze32568.1_acrie8,20,0.2155,FALSE,0.31,0.6865,0.3097,0.7,0.388
1_cofolding_uncharacterised_adps_defences/QZE32568.1/acrie9/qze32568.1_acrie9,20,0.1395,FALSE,0.2,0.6395,0.2395,0.63,0.286
1_cofolding_uncharacterised_adps_defences/QZE32569.1/acrie2/qze32569.1_acrie2,20,0.3845,FALSE,0.49,0.7085,0.4493,0.74,0.54
1_cofolding_uncharacterised_adps_defences/QZE32569.1/acrie3/qze32569.1_acrie3,20,0.2725,FALSE,0.64,0.691,0.3562,0.77,0.666
1_cofolding_uncharacterised_adps_defences/QZE32569.1/acrie5/qze32569.1_acrie5,20,0.4645,FALSE,0.71,0.752,0.522,0.84,0.736
1_cofolding_uncharacterised_adps_defences/QZE32569.1/acrie6/qze32569.1_acrie6,20,0.1425,FALSE,0.2,0.652,0.2444,0.68,0.296
1_cofolding_uncharacterised_adps_defences/QZE32569.1/acrie7/qze32569.1_acrie7,20,0.0955,FALSE,0.11,0.5975,0.1959,0.6,0.208
1_cofolding_uncharacterised_adps_defences/QZE32569.1/acrie8/qze32569.1_acrie8,20,0.306,FALSE,0.53,0.714,0.3876,0.78,0.58
1_cofolding_uncharacterised_adps_defences/QZE32569.1/acrie9/qze32569.1_acrie9,20,0.1135,FALSE,0.19,0.6525,0.2213,0.68,0.288
1_cofolding_uncharacterised_adps_defences/QZE32570.1/acrie2/qze32570.1_acrie2,20,0.2635,FALSE,0.48,0.671,0.345,0.74,0.532
1_cofolding_uncharacterised_adps_defences/QZE32570.1/acrie4/qze32570.1_acrie4,20,0.296,FALSE,0.42,0.7325,0.3833,0.76,0.488
1_cofolding_uncharacterised_adps_defences/QZE32570.1/acrie6/qze32570.1_acrie6,20,0.1945,FALSE,0.25,0.6675,0.2891,0.68,0.336
1_cofolding_uncharacterised_adps_defences/QZE32570.1/acrie7/qze32570.1_acrie7,20,0.1805,FALSE,0.34,0.6195,0.2683,0.65,0.402
1_cofolding_uncharacterised_adps_defences/QZE32570.1/acrie8/qze32570.1_acrie8,20,0.2305,FALSE,0.39,0.696,0.3236,0.71,0.454
1_cofolding_uncharacterised_adps_defences/QZE32570.1/acrie9/qze32570.1_acrie9,20,0.2925,FALSE,0.68,0.688,0.3716,0.77,0.698
1_cofolding_uncharacterised_adps_defences/QZE32571.1/acrie2/qze32571.1_acrie2,20,0.295,FALSE,0.67,0.714,0.3788,0.79,0.694
1_cofolding_uncharacterised_adps_defences/QZE32571.1/acrie3/qze32571.1_acrie3,20,0.159,FALSE,0.24,0.6595,0.2591,0.7,0.332
1_cofolding_uncharacterised_adps_defences/QZE32571.1/acrie4/qze32571.1_acrie4,20,0.3065,FALSE,0.37,0.7395,0.3931,0.75,0.446
1_cofolding_uncharacterised_adps_defences/QZE32571.1/acrie5/qze32571.1_acrie5,20,0.1635,FALSE,0.21,0.7145,0.2737,0.72,0.312
1_cofolding_uncharacterised_adps_defences/QZE32571.1/acrie6/qze32571.1_acrie6,20,0.201,FALSE,0.24,0.7125,0.3033,0.72,0.336
1_cofolding_uncharacterised_adps_defences/QZE32571.1/acrie7/qze32571.1_acrie7,20,0.1085,FALSE,0.12,0.6575,0.2183,0.66,0.228
1_cofolding_uncharacterised_adps_defences/QZE32571.1/acrie8/qze32571.1_acrie8,20,0.3255,FALSE,0.57,0.7185,0.4041,0.75,0.606
1_cofolding_uncharacterised_adps_defences/QZE32571.1/acrie9/qze32571.1_acrie9,20,0.148,FALSE,0.23,0.685,0.2554,0.69,0.322
1_cofolding_uncharacterised_adps_defences/QZE32572.1/acrie2/qze32572.1_acrie2,20,0.131,FALSE,0.21,0.6355,0.2319,0.66,0.3
1_cofolding_uncharacterised_adps_defences/QZE32572.1/acrie3/qze32572.1_acrie3,20,0.2815,FALSE,0.42,0.71,0.3672,0.75,0.486
1_cofolding_uncharacterised_adps_defences/QZE32572.1/acrie4/qze32572.1_acrie4,20,0.147,FALSE,0.23,0.712,0.26,0.74,0.332
1_cofolding_uncharacterised_adps_defences/QZE32572.1/acrie5/qze32572.1_acrie5,20,0.157,FALSE,0.19,0.6845,0.2625,0.69,0.29
1_cofolding_uncharacterised_adps_defences/QZE32572.1/acrie6/qze32572.1_acrie6,20,0.235,FALSE,0.26,0.677,0.3234,0.68,0.344
1_cofolding_uncharacterised_adps_defences/QZE32572.1/acrie7/qze32572.1_acrie7,20,0.082,FALSE,0.14,0.584,0.1824,0.61,0.234
1_cofolding_uncharacterised_adps_defences/QZE32572.1/acrie9/qze32572.1_acrie9,20,0.0975,FALSE,0.16,0.6495,0.2079,0.67,0.262
1_cofolding_uncharacterised_adps_defences/QZE32573.1/acrie2/qze32573.1_acrie2,20,0.1195,FALSE,0.16,0.753,0.2462,0.75,0.278
1_cofolding_uncharacterised_adps_defences/QZE32573.1/acrie5/qze32573.1_acrie5,20,0.145,FALSE,0.3,0.779,0.2718,0.8,0.4
1_cofolding_uncharacterised_adps_defences/QZE32573.1/acrie6/qze32573.1_acrie6,20,0.266,FALSE,0.35,0.793,0.3714,0.81,0.442
1_cofolding_uncharacterised_adps_defences/QZE32573.1/acrie7/qze32573.1_acrie7,20,0.112,FALSE,0.14,0.738,0.2372,0.74,0.26
1_cofolding_uncharacterised_adps_defences/QZE32573.1/acrie8/qze32573.1_acrie8,20,0.2645,FALSE,0.35,0.7985,0.3713,0.8,0.44
1_cofolding_uncharacterised_adps_defences/QZE32573.1/acrie9/qze32573.1_acrie9,20,0.1215,FALSE,0.2,0.757,0.2486,0.76,0.312
1_cofolding_uncharacterised_adps_defences/QZE32574.1/acrie2/qze32574.1_acrie2,20,0.1535,FALSE,0.19,0.7685,0.2765,0.77,0.306
1_cofolding_uncharacterised_adps_defences/QZE32574.1/acrie3/qze32574.1_acrie3,20,0.3575,FALSE,0.7,0.7735,0.4407,0.8,0.72
1_cofolding_uncharacterised_adps_defences/QZE32574.1/acrie4/qze32574.1_acrie4,20,0.273,FALSE,0.41,0.792,0.3768,0.81,0.49
1_cofolding_uncharacterised_adps_defences/QZE32574.1/acrie5/qze32574.1_acrie5,20,0.1765,FALSE,0.22,0.782,0.2976,0.8,0.336
1_cofolding_uncharacterised_adps_defences/QZE32574.1/acrie6/qze32574.1_acrie6,20,0.461,FALSE,0.48,0.812,0.5312,0.82,0.548
1_cofolding_uncharacterised_adps_defences/QZE32574.1/acrie7/qze32574.1_acrie7,20,0.1765,FALSE,0.23,0.7755,0.2963,0.79,0.342
1_cofolding_uncharacterised_adps_defences/QZE32574.1/acrie8/qze32574.1_acrie8,20,0.1985,FALSE,0.26,0.7655,0.3119,0.76,0.36
1_cofolding_uncharacterised_adps_defences/QZE32574.1/acrie9/qze32574.1_acrie9,20,0.2485,FALSE,0.48,0.789,0.3566,0.82,0.548
1_cofolding_uncharacterised_adps_defences/Retron_II_Retron_II_NDT_Ec86_V/enki/retron_ii_retron_ii_ndt_ec86_v_enki,20,0.09,FALSE,0.1,0.738,0.2196,0.75,0.23
1_cofolding_uncharacterised_adps_defences/Retron_II_Retron_RT_Tot_Ec86_V/enki/retron_ii_retron_rt_tot_ec86_v_enki,20,0.1345,FALSE,0.19,0.6495,0.2375,0.64,0.28
1_cofolding_uncharacterised_adps_defences/RexAB_RexAB_RexA_0_V/riia/rexab_rexab_rexa_0_v_riia,20,0.155,FALSE,0.21,0.473,0.2186,0.51,0.27
1_cofolding_uncharacterised_adps_defences/RexAB_RexAB_RexA_0_V/riib/rexab_rexab_rexa_0_v_riib,20,0.099,FALSE,0.13,0.3605,0.1513,0.37,0.178
1_cofolding_uncharacterised_adps_defences/RexAB_RexAB_RexB_0_V/riia/rexab_rexab_rexb_0_v_riia,20,0.106,FALSE,0.12,0.4965,0.1841,0.5,0.196
1_cofolding_uncharacterised_adps_defences/RexAB_RexAB_RexB_0_V/riib/rexab_rexab_rexb_0_v_riib,20,0.0745,FALSE,0.1,0.392,0.138,0.38,0.156
1_cofolding_uncharacterised_adps_defences/SanaTA_SanaTA_SanaA_0_V/gp4_5/sanata_sanata_sanaa_0_v_gp4_5,20,0.121,FALSE,0.23,0.412,0.1792,0.46,0.276
1_cofolding_uncharacterised_adps_defences/SanaTA_SanaTA_SanaT_0_V/gp4_5/sanata_sanata_sanat_0_v_gp4_5,20,0.075,FALSE,0.1,0.6685,0.1937,0.68,0.216
1_cofolding_uncharacterised_adps_defences/Septu_Septu_PtuA_0_V/anhur/septu_septu_ptua_0_v_anhur,20,0.1215,FALSE,0.15,0.661,0.2294,0.65,0.25
1_cofolding_uncharacterised_adps_defences/Septu_Septu_PtuA_0_V/svarog/septu_septu_ptua_0_v_svarog,20,0.1335,FALSE,0.23,0.6395,0.2347,0.67,0.318
1_cofolding_uncharacterised_adps_defences/Septu_Septu_PtuA_1_V/anhur/septu_septu_ptua_1_v_anhur,20,0.121,FALSE,0.14,0.698,0.2364,0.75,0.262
1_cofolding_uncharacterised_adps_defences/Septu_Septu_PtuA_1_V/svarog/septu_septu_ptua_1_v_svarog,20,0.1045,FALSE,0.13,0.651,0.2138,0.69,0.242
1_cofolding_uncharacterised_adps_defences/Septu_Septu_PtuB_0_V/anhur/septu_septu_ptub_0_v_anhur,20,0.2845,FALSE,0.36,0.8135,0.3903,0.82,0.452
1_cofolding_uncharacterised_adps_defences/Septu_Septu_PtuB_0_V/svarog/septu_septu_ptub_0_v_svarog,20,0.1105,FALSE,0.21,0.739,0.2362,0.76,0.32
1_cofolding_uncharacterised_adps_defences/Septu_Septu_PtuB_1_V/anhur/septu_septu_ptub_1_v_anhur,20,0.1475,FALSE,0.22,0.772,0.2724,0.77,0.33
1_cofolding_uncharacterised_adps_defences/Septu_Septu_PtuB_1_V/svarog/septu_septu_ptub_1_v_svarog,20,0.1335,FALSE,0.16,0.609,0.2286,0.71,0.27
1_cofolding_uncharacterised_adps_defences/UEM35119.1/acric10/uem35119.1_acric10,20,0.4695,FALSE,0.65,0.7735,0.5303,0.78,0.676
1_cofolding_uncharacterised_adps_defences/UEM35119.1/acric5/uem35119.1_acric5,20,0.4275,FALSE,0.58,0.8055,0.5031,0.81,0.626
1_cofolding_uncharacterised_adps_defences/UEM35119.1/acric6/uem35119.1_acric6,20,0.2325,FALSE,0.28,0.748,0.3356,0.76,0.376
1_cofolding_uncharacterised_adps_defences/UEM35119.1/acric7/uem35119.1_acric7,20,0.2275,FALSE,0.26,0.771,0.3362,0.78,0.364
1_cofolding_uncharacterised_adps_defences/UEM35120.1/acric10/uem35120.1_acric10,20,0.275,FALSE,0.43,0.621,0.3442,0.65,0.474
1_cofolding_uncharacterised_adps_defences/UEM35120.1/acric3/uem35120.1_acric3,20,0.333,FALSE,0.5,0.6385,0.3941,0.7,0.54
1_cofolding_uncharacterised_adps_defences/UEM35120.1/acric5/uem35120.1_acric5,20,0.2195,FALSE,0.5,0.6595,0.3075,0.73,0.546
1_cofolding_uncharacterised_adps_defences/UEM35120.1/acric6/uem35120.1_acric6,20,0.286,FALSE,0.5,0.521,0.333,0.55,0.51
1_cofolding_uncharacterised_adps_defences/UEM35120.1/acric7/uem35120.1_acric7,20,0.468,FALSE,0.6,0.6795,0.5103,0.71,0.622
1_cofolding_uncharacterised_adps_defences/UEM35121.1/acric10/uem35121.1_acric10,20,0.1495,FALSE,0.2,0.644,0.2484,0.65,0.29
1_cofolding_uncharacterised_adps_defences/UEM35121.1/acric3/uem35121.1_acric3,20,0.266,FALSE,0.6,0.6595,0.3447,0.73,0.626
1_cofolding_uncharacterised_adps_defences/UEM35121.1/acric6/uem35121.1_acric6,20,0.304,FALSE,0.52,0.531,0.3494,0.5,0.516
1_cofolding_uncharacterised_adps_defences/UEM35121.1/acric7/uem35121.1_acric7,20,0.174,FALSE,0.24,0.6415,0.2675,0.67,0.326
1_cofolding_uncharacterised_adps_defences/UEM35122.1/acric3/uem35122.1_acric3,20,0.128,FALSE,0.21,0.5995,0.2223,0.61,0.29
1_cofolding_uncharacterised_adps_defences/UEM35122.1/acric5/uem35122.1_acric5,20,0.1945,FALSE,0.26,0.668,0.2892,0.7,0.348
1_cofolding_uncharacterised_adps_defences/UEM35122.1/acric6/uem35122.1_acric6,20,0.3125,FALSE,0.46,0.5175,0.3535,0.45,0.458
1_cofolding_uncharacterised_adps_defences/UEM35122.1/acric7/uem35122.1_acric7,20,0.2095,FALSE,0.45,0.622,0.292,0.68,0.496
1_cofolding_uncharacterised_adps_defences/UEM35123.1/acric10/uem35123.1_acric10,20,0.2055,FALSE,0.33,0.5185,0.2681,0.54,0.372
1_cofolding_uncharacterised_adps_defences/UEM35123.1/acric3/uem35123.1_acric3,20,0.259,FALSE,0.43,0.5195,0.3111,0.58,0.46
1_cofolding_uncharacterised_adps_defences/UEM35123.1/acric5/uem35123.1_acric5,20,0.167,FALSE,0.23,0.558,0.2452,0.58,0.3
1_cofolding_uncharacterised_adps_defences/UEM35123.1/acric6/uem35123.1_acric6,20,0.1385,FALSE,0.26,0.421,0.195,0.42,0.292
1_cofolding_uncharacterised_adps_defences/UEM35123.1/acric7/uem35123.1_acric7,20,0.4055,FALSE,0.53,0.5655,0.4375,0.6,0.544
1_cofolding_uncharacterised_adps_defences/UEM35124.1/acric10/uem35124.1_acric10,20,0.342,FALSE,0.57,0.6585,0.4053,0.69,0.594
1_cofolding_uncharacterised_adps_defences/UEM35124.1/acric3/uem35124.1_acric3,20,0.142,FALSE,0.23,0.645,0.2426,0.67,0.318
1_cofolding_uncharacterised_adps_defences/UEM35124.1/acric5/uem35124.1_acric5,20,0.1285,FALSE,0.2,0.6885,0.2405,0.71,0.302
1_cofolding_uncharacterised_adps_defences/UEM35124.1/acric6/uem35124.1_acric6,20,0.3395,FALSE,0.5,0.6585,0.4033,0.7,0.54
1_cofolding_uncharacterised_adps_defences/UEM35124.1/acric7/uem35124.1_acric7,20,0.106,FALSE,0.13,0.6415,0.2131,0.63,0.23
1_cofolding_uncharacterised_adps_defences/UEM35125.1/acric10/uem35125.1_acric10,20,0.129,FALSE,0.17,0.4465,0.1925,0.46,0.228
1_cofolding_uncharacterised_adps_defences/UEM35125.1/acric5/uem35125.1_acric5,20,0.1115,FALSE,0.25,0.517,0.1926,0.57,0.314
1_cofolding_uncharacterised_adps_defences/UEM35125.1/acric6/uem35125.1_acric6,20,0.185,FALSE,0.35,0.399,0.2278,0.4,0.36
1_cofolding_uncharacterised_adps_defences/UEM35125.1/acric7/uem35125.1_acric7,20,0.1165,FALSE,0.19,0.492,0.1916,0.52,0.256
1_cofolding_uncharacterised_adps_defences/VUG01881.1/racc/vug01881.1_racc,20,0.4595,FALSE,0.64,0.7865,0.5249,0.83,0.678
1_cofolding_uncharacterised_adps_defences/VUG01882.1/racc/vug01882.1_racc,20,0.2775,FALSE,0.55,0.722,0.3664,0.8,0.6
1_cofolding_uncharacterised_adps_defences/WP_000283751.1/ipii/wp_000283751.1_ipii,20,0.289,FALSE,0.42,0.5585,0.3429,0.55,0.446
1_cofolding_uncharacterised_adps_defences/WP_000981388.1/vcrx089/wp_000981388.1_vcrx089,20,0.169,FALSE,0.21,0.535,0.2422,0.55,0.278
1_cofolding_uncharacterised_adps_defences/WP_000981388.1/vcrx090/wp_000981388.1_vcrx090,20,0.395,FALSE,0.51,0.571,0.4302,0.6,0.528
1_cofolding_uncharacterised_adps_defences/WP_001063204.1/vcrx089/wp_001063204.1_vcrx089,20,0.1265,FALSE,0.16,0.5385,0.2089,0.55,0.238
1_cofolding_uncharacterised_adps_defences/WP_001063204.1/vcrx090/wp_001063204.1_vcrx090,20,0.1685,FALSE,0.23,0.5695,0.2487,0.58,0.3
1_cofolding_uncharacterised_adps_defences/WP_001272447.1/vcrx089/wp_001272447.1_vcrx089,20,0.126,FALSE,0.15,0.467,0.1942,0.48,0.216
1_cofolding_uncharacterised_adps_defences/WP_001272447.1/vcrx090/wp_001272447.1_vcrx090,20,0.128,FALSE,0.21,0.4745,0.1973,0.5,0.268
1_cofolding_uncharacterised_adps_defences/WP_003439780.1/acrib2/wp_003439780.1_acrib2,20,0.403,FALSE,0.75,0.585,0.4394,0.73,0.746
1_cofolding_uncharacterised_adps_defences/WP_003439785.1/acrib2/wp_003439785.1_acrib2,20,0.373,FALSE,0.54,0.6445,0.4273,0.71,0.574
1_cofolding_uncharacterised_adps_defences/WP_004454738.1/acrib2/wp_004454738.1_acrib2,20,0.175,FALSE,0.23,0.7375,0.2875,0.75,0.334
1_cofolding_uncharacterised_adps_defences/WP_009903365.1/acrib2/wp_009903365.1_acrib2,20,0.165,FALSE,0.33,0.4855,0.2291,0.56,0.376
1_cofolding_uncharacterised_adps_defences/WP_010883984.1/ardu/wp_010883984.1_ardu,20,0.3885,FALSE,0.5,0.4105,0.3929,0.42,0.484
1_cofolding_uncharacterised_adps_defences/WP_010888895.1/ardu/wp_010888895.1_ardu,20,0.242,FALSE,0.34,0.513,0.2962,0.51,0.374
1_cofolding_uncharacterised_adps_defences/WP_010889379.1/ardu/wp_010889379.1_ardu,20,0.2985,FALSE,0.57,0.5285,0.3445,0.69,0.594
1_cofolding_uncharacterised_adps_defences/WP_011861557.1/acrib2/wp_011861557.1_acrib2,20,0.1105,FALSE,0.15,0.536,0.1956,0.55,0.23
1_cofolding_uncharacterised_adps_defences/WP_011861558.1/acrib2/wp_011861558.1_acrib2,20,0.098,FALSE,0.1,0.543,0.187,0.55,0.19
1_cofolding_uncharacterised_adps_defences/WP_011861560.1/acrib2/wp_011861560.1_acrib2,20,0.167,FALSE,0.34,0.6085,0.2553,0.66,0.404
1_cofolding_uncharacterised_adps_defences/WP_011861768.1/acrib2/wp_011861768.1_acrib2,20,0.28,FALSE,0.55,0.684,0.3608,0.73,0.586
1_cofolding_uncharacterised_adps_defences/WP_011861769.1/acrib2/wp_011861769.1_acrib2,20,0.3205,FALSE,0.44,0.745,0.4054,0.78,0.508
1_cofolding_uncharacterised_adps_defences/WP_011861770.1/acrib2/wp_011861770.1_acrib2,20,0.143,FALSE,0.17,0.572,0.2288,0.58,0.252
1_cofolding_uncharacterised_adps_defences/WP_011861771.1/acrib2/wp_011861771.1_acrib2,20,0.2195,FALSE,0.34,0.6545,0.3065,0.67,0.406
1_cofolding_uncharacterised_adps_defences/WP_011861772.1/acrib2/wp_011861772.1_acrib2,20,0.325,FALSE,0.63,0.627,0.3854,0.71,0.646
1_cofolding_uncharacterised_adps_defences/WP_014511983.1/acria1/wp_014511983.1_acria1,20,0.1025,FALSE,0.11,0.4995,0.1819,0.5,0.188
1_cofolding_uncharacterised_adps_defences/WP_014511991.1/acria1/wp_014511991.1_acria1,20,0.0885,FALSE,0.1,0.4715,0.1651,0.47,0.174
1_cofolding_uncharacterised_adps_defences/WP_014511993.1/acria1/wp_014511993.1_acria1,20,0.125,FALSE,0.23,0.538,0.2076,0.57,0.298
1_cofolding_uncharacterised_adps_defences/WP_014513740.1/acria1/wp_014513740.1_acria1,20,0.109,FALSE,0.17,0.4485,0.1769,0.42,0.22
1_cofolding_uncharacterised_adps_defences/WP_014513742.1/acria1/wp_014513742.1_acria1,20,0.0955,FALSE,0.11,0.43,0.1624,0.43,0.174
1_cofolding_uncharacterised_adps_defences/WP_014513743.1/acria1/wp_014513743.1_acria1,20,0.0845,FALSE,0.12,0.4705,0.1617,0.45,0.186
1_cofolding_uncharacterised_adps_defences/WP_014513744.1/acria1/wp_014513744.1_acria1,20,0.1305,FALSE,0.17,0.5075,0.2059,0.52,0.24
1_cofolding_uncharacterised_adps_defences/WP_014513745.1/acria1/wp_014513745.1_acria1,20,0.0885,FALSE,0.1,0.4185,0.1545,0.42,0.164
1_cofolding_uncharacterised_adps_defences/WP_014513746.1/acria1/wp_014513746.1_acria1,20,0.131,FALSE,0.14,0.5185,0.2085,0.53,0.218
1_cofolding_uncharacterised_adps_defences/WP_014513747.1/acria1/wp_014513747.1_acria1,20,0.0945,FALSE,0.11,0.4365,0.1629,0.44,0.176
1_cofolding_uncharacterised_adps_defences/WP_014513748.1/acria1/wp_014513748.1_acria1,20,0.104,FALSE,0.13,0.518,0.1868,0.53,0.21
1_cofolding_uncharacterised_adps_defences/WP_036362202.1/acric1/wp_036362202.1_acric1,20,0.0825,FALSE,0.11,0.323,0.1306,0.34,0.156
1_cofolding_uncharacterised_adps_defences/WP_046701023.1/acric1/wp_046701023.1_acric1,20,0.2015,FALSE,0.23,0.738,0.3088,0.75,0.334
1_cofolding_uncharacterised_adps_defences/WP_046701024.1/acric1/wp_046701024.1_acric1,20,0.1205,FALSE,0.16,0.5345,0.2033,0.55,0.238
1_cofolding_uncharacterised_adps_defences/WP_046701025.1/acric1/wp_046701025.1_acric1,20,0.138,FALSE,0.16,0.5035,0.2111,0.52,0.232
1_cofolding_uncharacterised_adps_defences/WP_046701026.1/acric1/wp_046701026.1_acric1,20,0.13,FALSE,0.14,0.5425,0.2125,0.55,0.222
1_cofolding_uncharacterised_adps_defences/WP_046701027.1/acric1/wp_046701027.1_acric1,20,0.1075,FALSE,0.08,0.467,0.1794,0.46,0.156
1_cofolding_uncharacterised_adps_defences/WP_080557576.1/acria1/wp_080557576.1_acria1,20,0.1315,FALSE,0.23,0.4665,0.1985,0.51,0.286
1_cofolding_uncharacterised_adps_defences/WP_080557577.1/acria1/wp_080557577.1_acria1,20,0.09,FALSE,0.11,0.441,0.1602,0.45,0.178
1_cofolding_uncharacterised_adps_defences/WP_205625755.1/acric1/wp_205625755.1_acric1,20,0.1085,FALSE,0.15,0.595,0.2058,0.6,0.24
1_cofolding_uncharacterised_adps_defences/WP_227086049.1/ardu/wp_227086049.1_ardu,20,0.1905,FALSE,0.32,0.352,0.2228,0.35,0.326
1_cofolding_uncharacterised_adps_defences/WP_227086050.1/ardu/wp_227086050.1_ardu,20,0.1125,FALSE,0.19,0.517,0.1934,0.52,0.256
1_cofolding_uncharacterised_adps_defences/WWV39453.1/acrib4/wwv39453.1_acrib4,20,0.1555,FALSE,0.25,0.489,0.2222,0.54,0.308
1_cofolding_uncharacterised_adps_defences/WWV39453.1/acrib5/wwv39453.1_acrib5,20,0.317,FALSE,0.38,0.628,0.3792,0.65,0.434
1_cofolding_uncharacterised_adps_defences/WWV39453.1/acrib6/wwv39453.1_acrib6,20,0.239,FALSE,0.37,0.528,0.2968,0.6,0.416
1_cofolding_uncharacterised_adps_defences/WWV39453.1/acrib7/wwv39453.1_acrib7,20,0.1225,FALSE,0.12,0.3785,0.1737,0.38,0.172
1_cofolding_uncharacterised_adps_defences/WWV39453.1/acrib9/wwv39453.1_acrib9,20,0.126,FALSE,0.2,0.5155,0.2039,0.54,0.268
1_cofolding_uncharacterised_adps_defences/WWV39454.1/acrib4/wwv39454.1_acrib4,20,0.124,FALSE,0.23,0.7375,0.2467,0.76,0.336
1_cofolding_uncharacterised_adps_defences/WWV39454.1/acrib5/wwv39454.1_acrib5,20,0.114,FALSE,0.17,0.6655,0.2243,0.67,0.27
1_cofolding_uncharacterised_adps_defences/WWV39454.1/acrib6/wwv39454.1_acrib6,20,0.462,FALSE,0.64,0.8155,0.5327,0.85,0.682
1_cofolding_uncharacterised_adps_defences/WWV39454.1/acrib7/wwv39454.1_acrib7,20,0.1305,FALSE,0.28,0.678,0.24,0.7,0.364
1_cofolding_uncharacterised_adps_defences/WWV39454.1/acrib8/wwv39454.1_acrib8,20,0.1325,FALSE,0.16,0.677,0.2414,0.69,0.266
1_cofolding_uncharacterised_adps_defences/WWV39454.1/acrib9/wwv39454.1_acrib9,20,0.1815,FALSE,0.34,0.6195,0.2691,0.65,0.402
1_cofolding_uncharacterised_adps_defences/WWV39455.1/acrib4/wwv39455.1_acrib4,20,0.126,FALSE,0.18,0.52,0.2048,0.53,0.25
1_cofolding_uncharacterised_adps_defences/WWV39455.1/acrib5/wwv39455.1_acrib5,20,0.0925,FALSE,0.17,0.442,0.1624,0.49,0.234
1_cofolding_uncharacterised_adps_defences/WWV39455.1/acrib6/wwv39455.1_acrib6,20,0.1585,FALSE,0.26,0.5405,0.2349,0.56,0.32
1_cofolding_uncharacterised_adps_defences/WWV39455.1/acrib7/wwv39455.1_acrib7,20,0.124,FALSE,0.17,0.4375,0.1867,0.45,0.226
1_cofolding_uncharacterised_adps_defences/WWV39455.1/acrib8/wwv39455.1_acrib8,20,0.0905,FALSE,0.13,0.4225,0.1569,0.44,0.192
1_cofolding_uncharacterised_adps_defences/WWV39455.1/acrib9/wwv39455.1_acrib9,20,0.1245,FALSE,0.2,0.3905,0.1777,0.41,0.242
1_cofolding_uncharacterised_adps_defences/WWV39456.1/acrib4/wwv39456.1_acrib4,20,0.1205,FALSE,0.15,0.7705,0.2505,0.78,0.276
1_cofolding_uncharacterised_adps_defences/WWV39456.1/acrib5/wwv39456.1_acrib5,20,0.2195,FALSE,0.26,0.736,0.3228,0.75,0.358
1_cofolding_uncharacterised_adps_defences/WWV39456.1/acrib6/wwv39456.1_acrib6,20,0.2975,FALSE,0.45,0.7855,0.3951,0.78,0.516
1_cofolding_uncharacterised_adps_defences/WWV39456.1/acrib7/wwv39456.1_acrib7,20,0.21,FALSE,0.35,0.74,0.316,0.76,0.432
1_cofolding_uncharacterised_adps_defences/WWV39456.1/acrib8/wwv39456.1_acrib8,20,0.416,FALSE,0.56,0.77,0.4868,0.79,0.606
1_cofolding_uncharacterised_adps_defences/WWV39456.1/acrib9/wwv39456.1_acrib9,20,0.4495,FALSE,0.59,0.73,0.5056,0.74,0.62
1_cofolding_uncharacterised_adps_defences/WWV39457.1/acrib4/wwv39457.1_acrib4,20,0.1415,FALSE,0.21,0.6155,0.2363,0.64,0.296
1_cofolding_uncharacterised_adps_defences/WWV39457.1/acrib5/wwv39457.1_acrib5,20,0.1225,FALSE,0.17,0.5485,0.2077,0.56,0.248
1_cofolding_uncharacterised_adps_defences/WWV39457.1/acrib6/wwv39457.1_acrib6,20,0.29,FALSE,0.53,0.641,0.3602,0.64,0.552
1_cofolding_uncharacterised_adps_defences/WWV39457.1/acrib8/wwv39457.1_acrib8,20,0.1335,FALSE,0.15,0.498,0.2064,0.5,0.22
1_cofolding_uncharacterised_adps_defences/WWV39457.1/acrib9/wwv39457.1_acrib9,20,0.1715,FALSE,0.29,0.5075,0.2387,0.54,0.34
1_cofolding_uncharacterised_adps_defences/WWV39458.1/acrib4/wwv39458.1_acrib4,20,0.1525,FALSE,0.22,0.6395,0.2499,0.65,0.306
1_cofolding_uncharacterised_adps_defences/WWV39458.1/acrib5/wwv39458.1_acrib5,20,0.1955,FALSE,0.35,0.578,0.272,0.59,0.398
1_cofolding_uncharacterised_adps_defences/WWV39458.1/acrib6/wwv39458.1_acrib6,20,0.2395,FALSE,0.32,0.665,0.3246,0.68,0.392
1_cofolding_uncharacterised_adps_defences/WWV39458.1/acrib7/wwv39458.1_acrib7,20,0.1945,FALSE,0.26,0.6025,0.2761,0.62,0.332
1_cofolding_uncharacterised_adps_defences/WWV39458.1/acrib8/wwv39458.1_acrib8,20,0.2255,FALSE,0.49,0.5755,0.2955,0.58,0.508
1_cofolding_uncharacterised_adps_defences/WWV39458.1/acrib9/wwv39458.1_acrib9,20,0.137,FALSE,0.18,0.528,0.2152,0.53,0.25
1_cofolding_uncharacterised_adps_defences/WWV39459.1/acrib5/wwv39459.1_acrib5,20,0.3155,FALSE,0.41,0.658,0.384,0.66,0.46
1_cofolding_uncharacterised_adps_defences/WWV39459.1/acrib6/wwv39459.1_acrib6,20,0.185,FALSE,0.23,0.7175,0.2915,0.74,0.332
1_cofolding_uncharacterised_adps_defences/WWV39459.1/acrib7/wwv39459.1_acrib7,20,0.3805,FALSE,0.64,0.682,0.4408,0.71,0.654
1_cofolding_uncharacterised_adps_defences/WWV39459.1/acrib8/wwv39459.1_acrib8,20,0.5555,FALSE,0.59,0.7455,0.5935,0.75,0.622
1_cofolding_uncharacterised_adps_defences/WWV39460.1/acrib4/wwv39460.1_acrib4,20,0.1525,FALSE,0.23,0.715,0.265,0.74,0.332
1_cofolding_uncharacterised_adps_defences/WWV39460.1/acrib5/wwv39460.1_acrib5,20,0.113,FALSE,0.16,0.626,0.2156,0.64,0.256
1_cofolding_uncharacterised_adps_defences/WWV39460.1/acrib6/wwv39460.1_acrib6,20,0.2965,FALSE,0.46,0.7565,0.3885,0.8,0.528
1_cofolding_uncharacterised_adps_defences/WWV39460.1/acrib7/wwv39460.1_acrib7,20,0.1185,FALSE,0.24,0.637,0.2222,0.65,0.322
1_cofolding_uncharacterised_adps_defences/WWV39460.1/acrib8/wwv39460.1_acrib8,20,0.1395,FALSE,0.17,0.6375,0.2391,0.65,0.266
1_cofolding_uncharacterised_adps_defences/WWV39460.1/acrib9/wwv39460.1_acrib9,20,0.1385,FALSE,0.23,0.565,0.2238,0.58,0.3
1_cofolding_uncharacterised_adps_defences/WWV39461.1/acrib4/wwv39461.1_acrib4,20,0.1005,FALSE,0.12,0.694,0.2192,0.7,0.236
1_cofolding_uncharacterised_adps_defences/WWV39461.1/acrib5/wwv39461.1_acrib5,20,0.0975,FALSE,0.16,0.6115,0.2003,0.62,0.252
1_cofolding_uncharacterised_adps_defences/WWV39461.1/acrib6/wwv39461.1_acrib6,20,0.454,FALSE,0.58,0.7615,0.5155,0.78,0.62
1_cofolding_uncharacterised_adps_defences/WWV39461.1/acrib7/wwv39461.1_acrib7,20,0.099,FALSE,0.14,0.625,0.2042,0.63,0.238
1_cofolding_uncharacterised_adps_defences/WWV39461.1/acrib8/wwv39461.1_acrib8,20,0.1145,FALSE,0.17,0.6235,0.2163,0.64,0.264
1_cofolding_uncharacterised_adps_defences/WWV39461.1/acrib9/wwv39461.1_acrib9,20,0.141,FALSE,0.24,0.5595,0.2247,0.57,0.306
1_cofolding_uncharacterised_adps_defences/gp29_gp30_gp29_gp30_gp29_0_V/gp54/gp29_gp30_gp29_gp30_gp29_0_v_gp54,20,0.1485,FALSE,0.16,0.4535,0.2095,0.46,0.22